embedding_base,variant,index_type,query_order,semantic_score_at10,functional_score_at10,memory_score_at10,mss_at10
MPNet,dinamico,HNSW,0,3.5,3.5,3.5,3.5
MPNet,dinamico,HNSW,1,4.1,4.1,3.8,4.1
MPNet,dinamico,HNSW,2,3.4,3.3,3.3,3.3
MPNet,dinamico,HNSW,3,3.8,3.7,3.7,3.7
MPNet,dinamico,HNSW,4,2.7,2.7,2.7,2.7
MPNet,dinamico,HNSW,5,4.3,3.6,3.6,3.6
MPNet,dinamico,HNSW,6,5.0,5.0,5.0,5.0
MPNet,dinamico,HNSW,7,2.7,2.7,2.7,2.7
MPNet,dinamico,HNSW,8,2.2,2.2,2.2,2.2
MPNet,dinamico,HNSW,9,3.7,3.3,3.3,3.3
MPNet,dinamico,HNSW,10,5.0,5.0,5.0,5.0
MPNet,dinamico,HNSW,11,4.6,4.6,4.6,4.6
MPNet,dinamico,HNSW,12,2.7,2.7,2.7,2.7
MPNet,dinamico,HNSW,13,4.0,3.7,3.7,3.7
MPNet,dinamico,HNSW,14,3.5,3.5,3.5,3.5
MPNet,dinamico,HNSW,15,4.0,4.0,4.0,4.0
MPNet,dinamico,HNSW,16,3.6,3.6,3.6,3.6
MPNet,dinamico,HNSW,17,3.3,3.3,3.3,3.3
MPNet,dinamico,HNSW,18,3.8,3.4,3.8,3.8
MPNet,dinamico,HNSW,19,2.8,2.8,2.8,2.8
MPNet,dinamico,HNSW,20,4.7,4.7,4.7,4.7
MPNet,dinamico,HNSW,21,3.0,3.0,3.0,3.0
MPNet,dinamico,HNSW,22,2.0,2.0,2.0,2.0
MPNet,dinamico,HNSW,23,4.0,4.0,4.0,4.0
MPNet,dinamico,HNSW,24,2.4,2.4,2.4,2.4
MPNet,dinamico,HNSW,25,4.0,4.0,4.0,4.0
MPNet,dinamico,HNSW,26,2.9,2.9,2.9,2.9
MPNet,dinamico,HNSW,27,4.1,4.1,4.1,4.1
MPNet,dinamico,HNSW,28,3.6,3.6,3.6,3.6
MPNet,dinamico,HNSW,29,2.0,2.0,2.0,2.0
MPNet,dinamico,HNSW,30,2.5,2.5,2.5,2.5
MPNet,dinamico,HNSW,31,2.4,2.4,2.4,2.4
MPNet,dinamico,HNSW,32,4.5,4.4,4.4,4.4
MPNet,dinamico,HNSW,33,2.3,2.3,2.3,2.3
MPNet,dinamico,HNSW,34,2.0,2.0,2.0,2.0
MPNet,dinamico,HNSW,35,2.9,2.9,2.9,2.9
MPNet,dinamico,HNSW,36,3.4,3.4,3.4,3.4
MPNet,dinamico,HNSW,37,2.8,2.8,2.8,2.8
MPNet,dinamico,HNSW,38,2.6,2.6,2.6,2.6
MPNet,dinamico,HNSW,39,3.5,3.5,3.5,3.5
MPNet,dinamico,HNSW,40,3.3,3.3,3.3,3.3
MPNet,dinamico,HNSW,41,5.0,5.0,5.0,5.0
MPNet,dinamico,HNSW,42,3.1,3.1,3.1,3.1
MPNet,dinamico,HNSW,43,4.0,4.0,4.0,4.0
MPNet,dinamico,HNSW,44,4.3,4.0,4.0,4.0
MPNet,dinamico,HNSW,45,3.2,3.2,3.2,3.2
MPNet,dinamico,HNSW,46,3.0,3.0,2.8,3.0
MPNet,dinamico,HNSW,47,3.3,3.3,3.3,3.3
MPNet,dinamico,HNSW,48,2.9,2.9,2.9,2.9
MPNet,dinamico,HNSW,49,3.4,3.4,3.4,3.4
MPNet,dinamico,HNSW,50,4.2,4.2,4.2,4.2
MPNet,dinamico,HNSW,51,3.4,3.4,3.4,3.4
MPNet,dinamico,HNSW,52,3.6,3.6,3.6,3.6
MPNet,dinamico,HNSW,53,3.1,3.1,3.1,3.1
MPNet,dinamico,HNSW,54,2.3,2.3,2.3,2.3
MPNet,dinamico,HNSW,55,2.8,2.8,2.8,2.8
MPNet,dinamico,HNSW,56,3.6,3.6,3.6,3.6
MPNet,dinamico,HNSW,57,2.3,2.3,2.3,2.3
MPNet,dinamico,HNSW,58,2.4,2.4,2.4,2.4
MPNet,dinamico,HNSW,59,2.4,2.4,2.4,2.4
MPNet,dinamico,HNSW,60,3.3,3.3,3.3,3.3
MPNet,dinamico,HNSW,61,3.2,3.2,3.2,3.2
MPNet,dinamico,HNSW,62,3.5,3.5,3.5,3.5
MPNet,dinamico,HNSW,63,2.7,2.7,2.7,2.7
MPNet,dinamico,HNSW,64,2.6,2.6,2.6,2.6
MPNet,dinamico,HNSW,65,3.7,3.7,3.7,3.7
MPNet,dinamico,HNSW,66,2.2,2.2,2.2,2.2
MPNet,dinamico,HNSW,67,3.8,3.8,3.8,3.8
MPNet,dinamico,HNSW,68,3.9,3.9,3.9,3.9
MPNet,dinamico,HNSW,69,2.5,2.5,2.5,2.5
MPNet,dinamico,HNSW,70,4.5,4.4,4.4,4.4
MPNet,dinamico,HNSW,71,2.5,2.5,2.4,2.5
MPNet,dinamico,HNSW,72,5.0,5.0,5.0,5.0
MPNet,dinamico,HNSW,73,2.9,2.9,2.9,2.9
MPNet,dinamico,HNSW,74,4.6,4.6,4.6,4.6
MPNet,dinamico,HNSW,75,3.5,3.5,3.5,3.5
MPNet,dinamico,HNSW,76,2.9,2.9,2.9,2.9
MPNet,dinamico,HNSW,77,3.5,3.5,3.5,3.5
MPNet,dinamico,HNSW,78,3.7,3.7,3.4,3.7
MPNet,dinamico,HNSW,79,2.8,2.8,2.8,2.8
MPNet,dinamico,HNSW,80,3.4,3.2,3.2,3.2
MPNet,dinamico,HNSW,81,3.1,3.1,3.1,3.1
MPNet,dinamico,HNSW,82,3.7,3.7,3.7,3.7
MPNet,dinamico,HNSW,83,2.6,2.6,2.6,2.6
MPNet,dinamico,HNSW,84,4.1,4.1,4.1,4.1
MPNet,dinamico,HNSW,85,5.0,5.0,5.0,5.0
MPNet,dinamico,HNSW,86,3.6,3.6,3.6,3.6
MPNet,dinamico,HNSW,87,2.5,2.5,2.5,2.5
MPNet,dinamico,HNSW,88,3.6,3.6,3.6,3.6
MPNet,dinamico,HNSW,89,2.5,2.5,2.5,2.5
MPNet,dinamico,HNSW,90,4.0,4.0,4.0,4.0
MPNet,dinamico,HNSW,91,2.7,2.7,2.7,2.7
MPNet,dinamico,HNSW,92,2.9,2.9,2.9,2.9
MPNet,dinamico,HNSW,93,4.1,4.1,4.1,4.1
MPNet,dinamico,HNSW,94,3.5,2.6,2.8,2.7
MPNet,dinamico,HNSW,95,3.7,3.7,3.7,3.7
MPNet,dinamico,HNSW,96,3.3,2.8,3.3,3.3
MPNet,dinamico,HNSW,97,2.9,2.9,2.9,2.9
MPNet,dinamico,HNSW,98,1.7,1.7,1.7,1.7
MPNet,dinamico,HNSW,99,4.0,4.0,4.0,4.0
MPNet,dinamico,IVF,0,3.5,3.5,3.5,3.5
MPNet,dinamico,IVF,1,4.1,4.1,4.1,4.1
MPNet,dinamico,IVF,2,3.4,3.3,3.3,3.3
MPNet,dinamico,IVF,3,3.8,3.8,3.8,3.8
MPNet,dinamico,IVF,4,2.5,2.5,2.5,2.5
MPNet,dinamico,IVF,5,4.1,3.6,3.6,3.6
MPNet,dinamico,IVF,6,5.0,5.0,5.0,5.0
MPNet,dinamico,IVF,7,2.7,2.7,2.7,2.7
MPNet,dinamico,IVF,8,2.5,2.3,2.2,2.2
MPNet,dinamico,IVF,9,4.5,4.0,4.0,4.0
MPNet,dinamico,IVF,10,5.0,5.0,5.0,5.0
MPNet,dinamico,IVF,11,4.6,4.5,4.5,4.5
MPNet,dinamico,IVF,12,3.1,3.1,3.1,3.1
MPNet,dinamico,IVF,13,4.0,3.7,3.7,3.7
MPNet,dinamico,IVF,14,3.5,3.5,3.5,3.5
MPNet,dinamico,IVF,15,4.0,4.0,4.0,4.0
MPNet,dinamico,IVF,16,3.9,3.8,3.9,3.9
MPNet,dinamico,IVF,17,3.1,3.1,3.1,3.1
MPNet,dinamico,IVF,18,3.7,3.3,3.7,3.7
MPNet,dinamico,IVF,19,2.8,2.8,2.8,2.8
MPNet,dinamico,IVF,20,4.7,4.7,4.7,4.7
MPNet,dinamico,IVF,21,3.0,3.0,3.0,3.0
MPNet,dinamico,IVF,22,2.6,2.6,2.6,2.6
MPNet,dinamico,IVF,23,4.0,4.0,4.0,4.0
MPNet,dinamico,IVF,24,2.2,2.2,2.2,2.2
MPNet,dinamico,IVF,25,4.0,3.9,3.9,3.9
MPNet,dinamico,IVF,26,2.8,2.8,2.8,2.8
MPNet,dinamico,IVF,27,4.1,4.1,4.1,4.1
MPNet,dinamico,IVF,28,3.7,3.7,3.7,3.7
MPNet,dinamico,IVF,29,1.9,1.9,1.9,1.9
MPNet,dinamico,IVF,30,2.5,2.5,2.5,2.5
MPNet,dinamico,IVF,31,2.3,2.3,2.3,2.3
MPNet,dinamico,IVF,32,4.5,4.4,4.4,4.4
MPNet,dinamico,IVF,33,2.2,2.2,2.2,2.2
MPNet,dinamico,IVF,34,2.0,2.0,2.0,2.0
MPNet,dinamico,IVF,35,2.9,2.9,2.9,2.9
MPNet,dinamico,IVF,36,3.4,3.4,3.4,3.4
MPNet,dinamico,IVF,37,2.5,2.5,2.5,2.5
MPNet,dinamico,IVF,38,2.6,2.6,2.6,2.6
MPNet,dinamico,IVF,39,3.5,3.5,3.5,3.5
MPNet,dinamico,IVF,40,3.4,3.4,3.4,3.4
MPNet,dinamico,IVF,41,5.0,5.0,5.0,5.0
MPNet,dinamico,IVF,42,3.1,3.1,3.1,3.1
MPNet,dinamico,IVF,43,4.0,4.0,4.0,4.0
MPNet,dinamico,IVF,44,4.0,3.3,3.3,3.3
MPNet,dinamico,IVF,45,3.0,3.0,3.0,3.0
MPNet,dinamico,IVF,46,2.2,2.1,2.0,2.1
MPNet,dinamico,IVF,47,3.3,3.3,3.3,3.3
MPNet,dinamico,IVF,48,2.9,2.9,2.9,2.9
MPNet,dinamico,IVF,49,3.6,3.6,3.6,3.6
MPNet,dinamico,IVF,50,4.1,4.1,4.1,4.1
MPNet,dinamico,IVF,51,3.3,3.3,3.0,3.3
MPNet,dinamico,IVF,52,3.6,3.6,3.1,3.6
MPNet,dinamico,IVF,53,3.6,3.6,3.6,3.6
MPNet,dinamico,IVF,54,2.3,2.3,2.3,2.3
MPNet,dinamico,IVF,55,2.8,2.8,2.8,2.8
MPNet,dinamico,IVF,56,3.5,3.5,3.5,3.5
MPNet,dinamico,IVF,57,2.3,2.3,2.3,2.3
MPNet,dinamico,IVF,58,2.4,2.4,2.4,2.4
MPNet,dinamico,IVF,59,2.7,2.7,2.7,2.7
MPNet,dinamico,IVF,60,3.3,3.3,3.3,3.3
MPNet,dinamico,IVF,61,3.2,3.2,3.2,3.2
MPNet,dinamico,IVF,62,3.5,3.5,3.5,3.5
MPNet,dinamico,IVF,63,2.7,2.7,2.7,2.7
MPNet,dinamico,IVF,64,2.8,2.8,2.8,2.8
MPNet,dinamico,IVF,65,3.7,3.4,3.3,3.4
MPNet,dinamico,IVF,66,2.2,2.2,2.2,2.2
MPNet,dinamico,IVF,67,3.8,3.8,3.8,3.8
MPNet,dinamico,IVF,68,3.9,3.9,3.9,3.9
MPNet,dinamico,IVF,69,2.5,2.5,2.5,2.5
MPNet,dinamico,IVF,70,4.5,4.4,4.4,4.4
MPNet,dinamico,IVF,71,2.5,2.5,2.4,2.5
MPNet,dinamico,IVF,72,5.0,5.0,5.0,5.0
MPNet,dinamico,IVF,73,2.9,2.9,2.9,2.9
MPNet,dinamico,IVF,74,4.6,4.6,4.6,4.6
MPNet,dinamico,IVF,75,3.5,3.5,3.5,3.5
MPNet,dinamico,IVF,76,2.9,2.9,2.9,2.9
MPNet,dinamico,IVF,77,3.5,3.5,3.5,3.5
MPNet,dinamico,IVF,78,3.7,3.7,3.7,3.7
MPNet,dinamico,IVF,79,2.7,2.7,2.7,2.7
MPNet,dinamico,IVF,80,3.6,3.4,3.4,3.4
MPNet,dinamico,IVF,81,3.2,3.2,3.2,3.2
MPNet,dinamico,IVF,82,3.9,3.9,3.9,3.9
MPNet,dinamico,IVF,83,2.6,2.6,2.6,2.6
MPNet,dinamico,IVF,84,4.4,4.4,4.4,4.4
MPNet,dinamico,IVF,85,5.0,5.0,5.0,5.0
MPNet,dinamico,IVF,86,3.6,3.6,3.6,3.6
MPNet,dinamico,IVF,87,2.5,2.5,2.5,2.5
MPNet,dinamico,IVF,88,3.6,3.6,3.6,3.6
MPNet,dinamico,IVF,89,2.5,2.5,2.5,2.5
MPNet,dinamico,IVF,90,4.1,4.1,4.1,4.1
MPNet,dinamico,IVF,91,2.3,2.3,2.3,2.3
MPNet,dinamico,IVF,92,2.9,2.9,2.9,2.9
MPNet,dinamico,IVF,93,4.1,4.1,4.1,4.1
MPNet,dinamico,IVF,94,2.8,2.6,2.8,2.8
MPNet,dinamico,IVF,95,3.6,3.6,3.6,3.6
MPNet,dinamico,IVF,96,3.3,3.2,3.3,3.3
MPNet,dinamico,IVF,97,2.9,2.9,2.9,2.9
MPNet,dinamico,IVF,98,1.7,1.7,1.7,1.7
MPNet,dinamico,IVF,99,4.0,4.0,4.0,4.0
MPNet,dinamico,IVFPQ,0,3.5,3.5,3.5,3.5
MPNet,dinamico,IVFPQ,1,3.3,3.3,3.3,3.3
MPNet,dinamico,IVFPQ,2,3.9,3.9,3.9,3.9
MPNet,dinamico,IVFPQ,3,3.7,3.7,3.7,3.7
MPNet,dinamico,IVFPQ,4,2.9,2.9,2.9,2.9
MPNet,dinamico,IVFPQ,5,3.6,3.5,3.5,3.5
MPNet,dinamico,IVFPQ,6,5.0,5.0,5.0,5.0
MPNet,dinamico,IVFPQ,7,2.5,2.5,2.5,2.5
MPNet,dinamico,IVFPQ,8,2.8,2.8,2.8,2.8
MPNet,dinamico,IVFPQ,9,3.0,2.4,3.0,3.0
MPNet,dinamico,IVFPQ,10,4.3,4.3,4.3,4.3
MPNet,dinamico,IVFPQ,11,4.9,4.8,4.8,4.8
MPNet,dinamico,IVFPQ,12,2.7,2.3,2.7,2.7
MPNet,dinamico,IVFPQ,13,4.1,3.6,3.6,3.6
MPNet,dinamico,IVFPQ,14,3.5,3.5,3.5,3.5
MPNet,dinamico,IVFPQ,15,3.9,3.8,3.8,3.8
MPNet,dinamico,IVFPQ,16,3.1,3.0,3.0,3.0
MPNet,dinamico,IVFPQ,17,3.2,3.2,3.2,3.2
MPNet,dinamico,IVFPQ,18,3.8,3.6,3.8,3.8
MPNet,dinamico,IVFPQ,19,2.9,2.9,2.9,2.9
MPNet,dinamico,IVFPQ,20,4.0,4.0,4.0,4.0
MPNet,dinamico,IVFPQ,21,3.2,3.2,3.2,3.2
MPNet,dinamico,IVFPQ,22,2.3,2.3,2.3,2.3
MPNet,dinamico,IVFPQ,23,4.3,4.3,4.3,4.3
MPNet,dinamico,IVFPQ,24,1.9,1.9,1.9,1.9
MPNet,dinamico,IVFPQ,25,3.1,3.1,3.1,3.1
MPNet,dinamico,IVFPQ,26,2.7,2.7,2.7,2.7
MPNet,dinamico,IVFPQ,27,3.6,3.5,3.6,3.6
MPNet,dinamico,IVFPQ,28,3.5,3.5,3.5,3.5
MPNet,dinamico,IVFPQ,29,2.1,2.1,2.1,2.1
MPNet,dinamico,IVFPQ,30,3.0,3.0,3.0,3.0
MPNet,dinamico,IVFPQ,31,2.1,2.1,2.1,2.1
MPNet,dinamico,IVFPQ,32,4.4,4.4,4.0,4.4
MPNet,dinamico,IVFPQ,33,2.3,2.4,2.3,2.3
MPNet,dinamico,IVFPQ,34,2.0,2.0,2.0,2.0
MPNet,dinamico,IVFPQ,35,2.6,2.6,2.6,2.6
MPNet,dinamico,IVFPQ,36,3.1,3.1,3.1,3.1
MPNet,dinamico,IVFPQ,37,2.5,2.5,2.5,2.5
MPNet,dinamico,IVFPQ,38,2.6,2.6,2.6,2.6
MPNet,dinamico,IVFPQ,39,3.7,3.7,3.7,3.7
MPNet,dinamico,IVFPQ,40,2.8,2.8,2.8,2.8
MPNet,dinamico,IVFPQ,41,5.0,5.0,5.0,5.0
MPNet,dinamico,IVFPQ,42,3.3,3.3,3.3,3.3
MPNet,dinamico,IVFPQ,43,3.8,3.8,3.8,3.8
MPNet,dinamico,IVFPQ,44,4.2,3.2,3.2,3.5
MPNet,dinamico,IVFPQ,45,3.2,3.2,3.2,3.2
MPNet,dinamico,IVFPQ,46,2.7,2.7,2.7,2.7
MPNet,dinamico,IVFPQ,47,3.8,3.8,3.8,3.8
MPNet,dinamico,IVFPQ,48,3.0,3.0,3.0,3.0
MPNet,dinamico,IVFPQ,49,3.4,3.4,3.4,3.4
MPNet,dinamico,IVFPQ,50,3.5,3.5,3.5,3.5
MPNet,dinamico,IVFPQ,51,2.6,2.6,2.6,2.6
MPNet,dinamico,IVFPQ,52,3.4,3.4,3.4,3.4
MPNet,dinamico,IVFPQ,53,3.0,3.0,3.0,3.0
MPNet,dinamico,IVFPQ,54,2.3,1.4,1.4,1.4
MPNet,dinamico,IVFPQ,55,2.3,2.3,2.3,2.3
MPNet,dinamico,IVFPQ,56,3.6,3.5,3.0,3.5
MPNet,dinamico,IVFPQ,57,2.3,2.3,2.3,2.3
MPNet,dinamico,IVFPQ,58,1.4,1.4,1.4,1.4
MPNet,dinamico,IVFPQ,59,2.7,2.7,2.7,2.7
MPNet,dinamico,IVFPQ,60,3.2,3.2,3.2,3.2
MPNet,dinamico,IVFPQ,61,3.6,3.6,3.6,3.6
MPNet,dinamico,IVFPQ,62,3.4,3.4,3.4,3.4
MPNet,dinamico,IVFPQ,63,2.1,2.1,2.1,2.1
MPNet,dinamico,IVFPQ,64,2.7,2.7,2.7,2.7
MPNet,dinamico,IVFPQ,65,3.7,3.5,3.7,3.7
MPNet,dinamico,IVFPQ,66,3.0,3.0,3.0,3.0
MPNet,dinamico,IVFPQ,67,3.7,3.7,3.5,3.7
MPNet,dinamico,IVFPQ,68,3.7,3.0,3.0,3.0
MPNet,dinamico,IVFPQ,69,2.9,2.9,2.9,2.9
MPNet,dinamico,IVFPQ,70,3.7,3.7,3.7,3.7
MPNet,dinamico,IVFPQ,71,2.9,2.9,2.9,2.9
MPNet,dinamico,IVFPQ,72,4.9,4.9,4.9,4.9
MPNet,dinamico,IVFPQ,73,2.6,2.6,2.6,2.6
MPNet,dinamico,IVFPQ,74,4.4,4.4,4.4,4.4
MPNet,dinamico,IVFPQ,75,4.0,4.0,4.0,4.0
MPNet,dinamico,IVFPQ,76,2.8,2.8,2.8,2.8
MPNet,dinamico,IVFPQ,77,3.5,3.5,3.5,3.5
MPNet,dinamico,IVFPQ,78,3.6,3.6,3.3,3.6
MPNet,dinamico,IVFPQ,79,2.8,2.8,2.8,2.8
MPNet,dinamico,IVFPQ,80,3.6,3.6,3.6,3.6
MPNet,dinamico,IVFPQ,81,3.1,3.1,3.1,3.1
MPNet,dinamico,IVFPQ,82,3.7,3.7,3.7,3.7
MPNet,dinamico,IVFPQ,83,2.0,2.0,2.0,2.0
MPNet,dinamico,IVFPQ,84,3.0,3.0,3.0,3.0
MPNet,dinamico,IVFPQ,85,5.0,5.0,5.0,5.0
MPNet,dinamico,IVFPQ,86,3.5,3.5,3.5,3.5
MPNet,dinamico,IVFPQ,87,2.3,2.3,2.3,2.3
MPNet,dinamico,IVFPQ,88,3.6,3.6,3.6,3.6
MPNet,dinamico,IVFPQ,89,2.5,2.5,2.5,2.5
MPNet,dinamico,IVFPQ,90,3.4,3.4,3.4,3.4
MPNet,dinamico,IVFPQ,91,3.1,3.1,3.1,3.1
MPNet,dinamico,IVFPQ,92,3.2,3.2,3.2,3.2
MPNet,dinamico,IVFPQ,93,3.2,3.2,3.2,3.2
MPNet,dinamico,IVFPQ,94,3.6,3.5,3.6,3.6
MPNet,dinamico,IVFPQ,95,3.6,3.3,3.3,3.3
MPNet,dinamico,IVFPQ,96,4.1,4.1,4.1,4.1
MPNet,dinamico,IVFPQ,97,3.2,3.2,3.2,3.2
MPNet,dinamico,IVFPQ,98,1.8,1.8,1.8,1.8
MPNet,dinamico,IVFPQ,99,2.7,2.7,2.7,2.7
MPNet,estatico,HNSW,0,2.9,2.9,2.9,2.9
MPNet,estatico,HNSW,1,3.4,3.4,3.4,3.4
MPNet,estatico,HNSW,2,3.4,3.4,3.4,3.4
MPNet,estatico,HNSW,3,3.2,3.2,3.2,3.2
MPNet,estatico,HNSW,4,4.4,4.4,4.4,4.4
MPNet,estatico,HNSW,5,3.3,3.3,3.3,3.3
MPNet,estatico,HNSW,6,5.0,5.0,5.0,5.0
MPNet,estatico,HNSW,7,3.9,3.9,3.9,3.9
MPNet,estatico,HNSW,8,3.9,3.9,3.9,3.9
MPNet,estatico,HNSW,9,3.9,3.9,3.9,3.9
MPNet,estatico,HNSW,10,3.2,3.2,3.2,3.2
MPNet,estatico,HNSW,11,4.2,4.2,4.2,4.2
MPNet,estatico,HNSW,12,2.9,2.9,2.9,2.9
MPNet,estatico,HNSW,13,2.5,2.8,2.5,2.5
MPNet,estatico,HNSW,14,4.2,4.2,4.2,4.2
MPNet,estatico,HNSW,15,3.5,3.4,3.4,3.4
MPNet,estatico,HNSW,16,2.9,2.9,2.9,2.9
MPNet,estatico,HNSW,17,3.2,3.2,3.2,3.2
MPNet,estatico,HNSW,18,2.5,2.5,2.5,2.5
MPNet,estatico,HNSW,19,3.2,3.2,3.2,3.2
MPNet,estatico,HNSW,20,3.9,3.9,3.9,3.9
MPNet,estatico,HNSW,21,2.2,2.2,2.2,2.2
MPNet,estatico,HNSW,22,3.5,3.5,3.5,3.5
MPNet,estatico,HNSW,23,4.4,4.4,4.4,4.4
MPNet,estatico,HNSW,24,4.4,4.4,4.4,4.4
MPNet,estatico,HNSW,25,2.9,2.9,2.9,2.9
MPNet,estatico,HNSW,26,2.9,3.5,2.9,2.9
MPNet,estatico,HNSW,27,3.8,3.8,3.8,3.8
MPNet,estatico,HNSW,28,3.5,3.5,3.5,3.5
MPNet,estatico,HNSW,29,3.6,3.6,3.6,3.6
MPNet,estatico,HNSW,30,2.3,2.3,2.3,2.3
MPNet,estatico,HNSW,31,2.9,2.9,2.9,2.9
MPNet,estatico,HNSW,32,4.2,4.2,4.2,4.2
MPNet,estatico,HNSW,33,4.0,4.1,4.0,4.0
MPNet,estatico,HNSW,34,1.6,1.6,1.6,1.6
MPNet,estatico,HNSW,35,1.8,1.8,1.8,1.8
MPNet,estatico,HNSW,36,3.9,3.9,3.9,3.9
MPNet,estatico,HNSW,37,3.5,3.5,3.5,3.5
MPNet,estatico,HNSW,38,2.3,2.3,2.3,2.3
MPNet,estatico,HNSW,39,1.8,1.8,1.8,1.8
MPNet,estatico,HNSW,40,2.9,2.9,2.9,2.9
MPNet,estatico,HNSW,41,5.0,5.0,5.0,5.0
MPNet,estatico,HNSW,42,4.0,4.0,4.0,4.0
MPNet,estatico,HNSW,43,3.5,3.5,3.5,3.5
MPNet,estatico,HNSW,44,3.0,3.0,3.0,3.0
MPNet,estatico,HNSW,45,4.7,4.7,4.7,4.7
MPNet,estatico,HNSW,46,3.3,3.5,3.3,3.3
MPNet,estatico,HNSW,47,3.7,3.7,3.7,3.7
MPNet,estatico,HNSW,48,4.5,4.5,4.3,4.5
MPNet,estatico,HNSW,49,3.0,3.0,3.0,3.0
MPNet,estatico,HNSW,50,2.5,2.5,2.5,2.5
MPNet,estatico,HNSW,51,3.0,3.0,3.0,3.0
MPNet,estatico,HNSW,52,3.7,3.7,3.7,3.7
MPNet,estatico,HNSW,53,3.7,3.7,3.7,3.7
MPNet,estatico,HNSW,54,3.5,3.5,3.5,3.5
MPNet,estatico,HNSW,55,4.7,4.7,4.7,4.7
MPNet,estatico,HNSW,56,3.8,3.8,3.8,3.8
MPNet,estatico,HNSW,57,2.3,2.3,2.3,2.3
MPNet,estatico,HNSW,58,3.8,3.8,3.8,3.8
MPNet,estatico,HNSW,59,3.1,4.1,3.1,3.1
MPNet,estatico,HNSW,60,3.2,3.2,3.2,3.2
MPNet,estatico,HNSW,61,3.8,3.8,3.8,3.8
MPNet,estatico,HNSW,62,3.0,3.0,3.0,3.0
MPNet,estatico,HNSW,63,3.6,3.6,3.6,3.6
MPNet,estatico,HNSW,64,3.7,3.7,3.7,3.7
MPNet,estatico,HNSW,65,3.0,3.0,3.0,3.0
MPNet,estatico,HNSW,66,2.5,2.5,2.5,2.5
MPNet,estatico,HNSW,67,3.0,3.0,3.0,3.0
MPNet,estatico,HNSW,68,2.7,2.7,2.7,2.7
MPNet,estatico,HNSW,69,1.5,1.5,1.5,1.5
MPNet,estatico,HNSW,70,4.2,4.2,4.2,4.2
MPNet,estatico,HNSW,71,4.2,4.2,4.2,4.2
MPNet,estatico,HNSW,72,5.0,5.0,5.0,5.0
MPNet,estatico,HNSW,73,4.1,4.1,4.1,4.1
MPNet,estatico,HNSW,74,3.9,3.9,3.9,3.9
MPNet,estatico,HNSW,75,2.3,2.3,2.3,2.3
MPNet,estatico,HNSW,76,3.1,3.2,3.1,3.1
MPNet,estatico,HNSW,77,3.2,3.2,3.2,3.2
MPNet,estatico,HNSW,78,1.5,1.5,1.5,1.5
MPNet,estatico,HNSW,79,3.6,3.6,3.6,3.6
MPNet,estatico,HNSW,80,3.6,3.6,3.6,3.6
MPNet,estatico,HNSW,81,3.9,3.9,3.9,3.9
MPNet,estatico,HNSW,82,3.4,3.4,3.4,3.4
MPNet,estatico,HNSW,83,1.6,1.6,1.6,1.6
MPNet,estatico,HNSW,84,3.4,3.4,3.4,3.4
MPNet,estatico,HNSW,85,5.0,5.0,5.0,5.0
MPNet,estatico,HNSW,86,2.7,2.7,2.7,2.7
MPNet,estatico,HNSW,87,3.8,3.8,3.8,3.8
MPNet,estatico,HNSW,88,3.9,3.9,3.9,3.9
MPNet,estatico,HNSW,89,1.8,1.8,1.8,1.8
MPNet,estatico,HNSW,90,3.2,3.2,3.2,3.2
MPNet,estatico,HNSW,91,3.0,3.0,3.0,3.0
MPNet,estatico,HNSW,92,3.3,3.3,3.3,3.3
MPNet,estatico,HNSW,93,2.8,2.8,2.8,2.8
MPNet,estatico,HNSW,94,3.0,3.0,3.0,3.0
MPNet,estatico,HNSW,95,3.3,3.3,3.3,3.3
MPNet,estatico,HNSW,96,3.3,3.3,3.3,3.3
MPNet,estatico,HNSW,97,4.9,4.9,4.9,4.9
MPNet,estatico,HNSW,98,2.8,2.8,2.8,2.8
MPNet,estatico,HNSW,99,3.4,3.4,3.4,3.4
MPNet,estatico,IVF,0,2.9,2.9,2.9,2.9
MPNet,estatico,IVF,1,3.4,3.4,3.4,3.4
MPNet,estatico,IVF,2,3.4,3.4,3.4,3.4
MPNet,estatico,IVF,3,3.2,3.2,3.2,3.2
MPNet,estatico,IVF,4,4.6,4.6,4.6,4.6
MPNet,estatico,IVF,5,3.3,3.3,3.3,3.3
MPNet,estatico,IVF,6,5.0,5.0,5.0,5.0
MPNet,estatico,IVF,7,3.9,3.9,3.9,3.9
MPNet,estatico,IVF,8,4.0,4.0,4.0,4.0
MPNet,estatico,IVF,9,3.9,3.9,3.9,3.9
MPNet,estatico,IVF,10,3.2,3.2,3.2,3.2
MPNet,estatico,IVF,11,4.0,4.0,4.0,4.0
MPNet,estatico,IVF,12,3.1,3.1,3.1,3.1
MPNet,estatico,IVF,13,3.0,3.3,3.0,3.0
MPNet,estatico,IVF,14,4.2,4.2,4.2,4.2
MPNet,estatico,IVF,15,3.5,3.4,3.4,3.4
MPNet,estatico,IVF,16,2.5,2.5,2.5,2.5
MPNet,estatico,IVF,17,3.0,3.0,3.0,3.0
MPNet,estatico,IVF,18,2.5,2.8,2.5,2.5
MPNet,estatico,IVF,19,3.2,3.2,3.2,3.2
MPNet,estatico,IVF,20,3.9,3.9,3.9,3.9
MPNet,estatico,IVF,21,2.2,2.2,2.2,2.2
MPNet,estatico,IVF,22,3.6,3.6,3.6,3.6
MPNet,estatico,IVF,23,4.2,4.2,4.2,4.2
MPNet,estatico,IVF,24,4.4,4.4,4.4,4.4
MPNet,estatico,IVF,25,2.9,2.9,2.9,2.9
MPNet,estatico,IVF,26,3.5,4.1,4.1,3.5
MPNet,estatico,IVF,27,3.8,3.8,3.8,3.8
MPNet,estatico,IVF,28,3.3,3.3,3.3,3.3
MPNet,estatico,IVF,29,3.6,3.6,3.6,3.6
MPNet,estatico,IVF,30,2.3,2.3,2.3,2.3
MPNet,estatico,IVF,31,2.9,2.9,2.9,2.9
MPNet,estatico,IVF,32,4.2,4.2,4.2,4.2
MPNet,estatico,IVF,33,4.0,4.0,4.0,4.0
MPNet,estatico,IVF,34,1.9,1.9,1.9,1.9
MPNet,estatico,IVF,35,1.3,1.3,1.3,1.3
MPNet,estatico,IVF,36,3.2,3.2,3.2,3.2
MPNet,estatico,IVF,37,3.5,3.5,3.5,3.5
MPNet,estatico,IVF,38,2.9,2.9,2.9,2.9
MPNet,estatico,IVF,39,1.8,1.8,1.8,1.8
MPNet,estatico,IVF,40,3.3,3.3,3.3,3.3
MPNet,estatico,IVF,41,5.0,5.0,5.0,5.0
MPNet,estatico,IVF,42,4.0,4.0,4.0,4.0
MPNet,estatico,IVF,43,3.5,3.5,3.5,3.5
MPNet,estatico,IVF,44,3.0,3.0,3.0,3.0
MPNet,estatico,IVF,45,4.7,4.7,4.7,4.7
MPNet,estatico,IVF,46,3.4,3.6,3.4,3.4
MPNet,estatico,IVF,47,3.7,3.7,3.7,3.7
MPNet,estatico,IVF,48,4.5,4.5,4.3,4.5
MPNet,estatico,IVF,49,3.3,3.3,3.3,3.3
MPNet,estatico,IVF,50,2.5,2.5,2.5,2.5
MPNet,estatico,IVF,51,3.0,3.0,3.0,3.0
MPNet,estatico,IVF,52,3.9,3.9,3.9,3.9
MPNet,estatico,IVF,53,3.7,3.7,3.7,3.7
MPNet,estatico,IVF,54,3.5,3.5,3.5,3.5
MPNet,estatico,IVF,55,4.8,4.8,4.8,4.8
MPNet,estatico,IVF,56,3.8,3.8,3.8,3.8
MPNet,estatico,IVF,57,3.0,3.0,3.0,3.0
MPNet,estatico,IVF,58,3.3,3.3,3.3,3.3
MPNet,estatico,IVF,59,3.5,4.0,3.5,3.5
MPNet,estatico,IVF,60,3.2,3.2,3.2,3.2
MPNet,estatico,IVF,61,3.8,3.8,3.8,3.8
MPNet,estatico,IVF,62,2.9,2.9,2.9,2.9
MPNet,estatico,IVF,63,3.6,3.6,3.6,3.6
MPNet,estatico,IVF,64,3.9,3.9,3.9,3.9
MPNet,estatico,IVF,65,3.0,3.0,3.0,3.0
MPNet,estatico,IVF,66,2.5,2.5,2.5,2.5
MPNet,estatico,IVF,67,3.0,3.0,3.0,3.0
MPNet,estatico,IVF,68,2.6,2.6,2.6,2.6
MPNet,estatico,IVF,69,1.5,1.5,1.5,1.5
MPNet,estatico,IVF,70,4.2,4.2,4.2,4.2
MPNet,estatico,IVF,71,4.5,4.5,4.5,4.5
MPNet,estatico,IVF,72,5.0,5.0,5.0,5.0
MPNet,estatico,IVF,73,3.9,3.9,3.9,3.9
MPNet,estatico,IVF,74,3.9,3.9,3.9,3.9
MPNet,estatico,IVF,75,2.6,2.6,2.6,2.6
MPNet,estatico,IVF,76,3.1,3.1,3.1,3.1
MPNet,estatico,IVF,77,3.2,3.2,3.2,3.2
MPNet,estatico,IVF,78,1.4,1.4,1.4,1.4
MPNet,estatico,IVF,79,3.3,3.3,3.3,3.3
MPNet,estatico,IVF,80,3.6,3.6,3.6,3.6
MPNet,estatico,IVF,81,3.4,3.7,3.4,3.4
MPNet,estatico,IVF,82,3.0,3.0,3.0,3.0
MPNet,estatico,IVF,83,1.9,1.9,1.9,1.9
MPNet,estatico,IVF,84,3.4,3.4,3.4,3.4
MPNet,estatico,IVF,85,5.0,5.0,5.0,5.0
MPNet,estatico,IVF,86,2.6,2.6,2.6,2.6
MPNet,estatico,IVF,87,3.8,3.8,3.8,3.8
MPNet,estatico,IVF,88,3.9,3.9,3.9,3.9
MPNet,estatico,IVF,89,2.5,2.5,2.5,2.5
MPNet,estatico,IVF,90,3.2,3.2,3.2,3.2
MPNet,estatico,IVF,91,3.9,3.9,3.9,3.9
MPNet,estatico,IVF,92,3.3,3.3,3.3,3.3
MPNet,estatico,IVF,93,2.8,2.8,2.8,2.8
MPNet,estatico,IVF,94,3.0,3.0,3.0,3.0
MPNet,estatico,IVF,95,3.1,3.1,3.1,3.1
MPNet,estatico,IVF,96,3.4,3.4,3.4,3.4
MPNet,estatico,IVF,97,4.6,4.6,4.6,4.6
MPNet,estatico,IVF,98,2.8,2.8,2.8,2.8
MPNet,estatico,IVF,99,3.3,3.3,3.3,3.3
MPNet,estatico,IVFPQ,0,3.0,3.0,3.0,3.0
MPNet,estatico,IVFPQ,1,3.6,3.6,3.6,3.6
MPNet,estatico,IVFPQ,2,3.9,3.9,3.9,3.9
MPNet,estatico,IVFPQ,3,3.4,3.4,3.4,3.4
MPNet,estatico,IVFPQ,4,4.7,4.7,4.7,4.7
MPNet,estatico,IVFPQ,5,3.1,3.1,3.1,3.1
MPNet,estatico,IVFPQ,6,5.0,5.0,5.0,5.0
MPNet,estatico,IVFPQ,7,3.8,3.8,3.8,3.8
MPNet,estatico,IVFPQ,8,4.4,4.4,4.4,4.4
MPNet,estatico,IVFPQ,9,3.7,3.7,3.7,3.7
MPNet,estatico,IVFPQ,10,3.8,3.8,3.8,3.8
MPNet,estatico,IVFPQ,11,5.0,5.0,5.0,5.0
MPNet,estatico,IVFPQ,12,2.2,2.2,2.2,2.2
MPNet,estatico,IVFPQ,13,2.1,2.1,2.1,2.1
MPNet,estatico,IVFPQ,14,3.9,3.9,3.9,3.9
MPNet,estatico,IVFPQ,15,2.5,2.5,2.5,2.5
MPNet,estatico,IVFPQ,16,2.6,2.6,2.6,2.6
MPNet,estatico,IVFPQ,17,3.5,3.5,3.5,3.5
MPNet,estatico,IVFPQ,18,3.4,3.5,3.4,3.4
MPNet,estatico,IVFPQ,19,3.2,3.2,3.2,3.2
MPNet,estatico,IVFPQ,20,3.8,3.8,3.8,3.8
MPNet,estatico,IVFPQ,21,2.6,2.6,2.6,2.6
MPNet,estatico,IVFPQ,22,4.1,4.1,4.1,4.1
MPNet,estatico,IVFPQ,23,4.3,4.3,4.3,4.3
MPNet,estatico,IVFPQ,24,3.7,3.7,3.7,3.7
MPNet,estatico,IVFPQ,25,2.3,2.3,2.3,2.3
MPNet,estatico,IVFPQ,26,2.9,3.8,2.9,2.9
MPNet,estatico,IVFPQ,27,4.2,4.2,4.2,4.2
MPNet,estatico,IVFPQ,28,2.8,2.8,2.8,2.8
MPNet,estatico,IVFPQ,29,3.3,3.3,3.3,3.3
MPNet,estatico,IVFPQ,30,2.9,2.9,2.9,2.9
MPNet,estatico,IVFPQ,31,2.8,2.8,2.8,2.8
MPNet,estatico,IVFPQ,32,4.0,4.0,4.0,4.0
MPNet,estatico,IVFPQ,33,4.0,4.1,4.0,4.0
MPNet,estatico,IVFPQ,34,1.8,1.8,1.8,1.8
MPNet,estatico,IVFPQ,35,2.0,2.0,2.0,2.0
MPNet,estatico,IVFPQ,36,3.5,3.5,3.5,3.5
MPNet,estatico,IVFPQ,37,3.8,3.8,3.8,3.8
MPNet,estatico,IVFPQ,38,3.1,3.1,3.1,3.1
MPNet,estatico,IVFPQ,39,2.4,2.4,2.4,2.4
MPNet,estatico,IVFPQ,40,3.0,3.0,3.0,3.0
MPNet,estatico,IVFPQ,41,5.0,5.0,5.0,5.0
MPNet,estatico,IVFPQ,42,3.4,3.4,3.4,3.4
MPNet,estatico,IVFPQ,43,3.7,3.7,3.7,3.7
MPNet,estatico,IVFPQ,44,3.2,3.2,3.2,3.2
MPNet,estatico,IVFPQ,45,4.9,4.9,4.9,4.9
MPNet,estatico,IVFPQ,46,3.3,3.8,4.3,3.3
MPNet,estatico,IVFPQ,47,3.6,3.6,3.6,3.6
MPNet,estatico,IVFPQ,48,4.4,4.4,4.4,4.4
MPNet,estatico,IVFPQ,49,3.7,3.7,3.7,3.7
MPNet,estatico,IVFPQ,50,3.0,3.5,3.0,3.0
MPNet,estatico,IVFPQ,51,3.3,3.3,3.3,3.3
MPNet,estatico,IVFPQ,52,3.7,3.7,3.7,3.7
MPNet,estatico,IVFPQ,53,3.5,3.5,3.5,3.5
MPNet,estatico,IVFPQ,54,3.0,3.0,3.0,3.0
MPNet,estatico,IVFPQ,55,4.9,4.9,4.9,4.9
MPNet,estatico,IVFPQ,56,3.7,3.7,3.7,3.7
MPNet,estatico,IVFPQ,57,1.8,1.8,1.8,1.8
MPNet,estatico,IVFPQ,58,3.2,3.2,3.2,3.2
MPNet,estatico,IVFPQ,59,3.1,3.9,3.1,3.1
MPNet,estatico,IVFPQ,60,3.2,3.2,3.2,3.2
MPNet,estatico,IVFPQ,61,3.7,3.7,3.7,3.7
MPNet,estatico,IVFPQ,62,2.7,2.7,2.7,2.7
MPNet,estatico,IVFPQ,63,3.6,3.6,3.6,3.6
MPNet,estatico,IVFPQ,64,3.6,3.6,3.6,3.6
MPNet,estatico,IVFPQ,65,3.0,3.0,3.0,3.0
MPNet,estatico,IVFPQ,66,2.6,2.6,2.6,2.6
MPNet,estatico,IVFPQ,67,3.0,3.0,3.0,3.0
MPNet,estatico,IVFPQ,68,3.3,3.3,3.3,3.3
MPNet,estatico,IVFPQ,69,1.4,1.4,1.4,1.4
MPNet,estatico,IVFPQ,70,3.3,3.3,3.3,3.3
MPNet,estatico,IVFPQ,71,3.9,3.9,3.9,3.9
MPNet,estatico,IVFPQ,72,5.0,5.0,5.0,5.0
MPNet,estatico,IVFPQ,73,3.3,3.3,3.3,3.3
MPNet,estatico,IVFPQ,74,5.0,5.0,5.0,5.0
MPNet,estatico,IVFPQ,75,1.3,1.3,1.3,1.3
MPNet,estatico,IVFPQ,76,2.1,2.1,2.1,2.1
MPNet,estatico,IVFPQ,77,3.1,3.1,3.1,3.1
MPNet,estatico,IVFPQ,78,1.3,1.3,1.3,1.3
MPNet,estatico,IVFPQ,79,4.1,4.1,4.1,4.1
MPNet,estatico,IVFPQ,80,3.5,3.5,3.5,3.5
MPNet,estatico,IVFPQ,81,3.7,3.7,3.7,3.7
MPNet,estatico,IVFPQ,82,3.1,3.1,3.1,3.1
MPNet,estatico,IVFPQ,83,2.2,2.2,2.2,2.2
MPNet,estatico,IVFPQ,84,3.5,3.5,3.5,3.5
MPNet,estatico,IVFPQ,85,4.9,4.9,4.9,4.9
MPNet,estatico,IVFPQ,86,3.7,3.7,3.7,3.7
MPNet,estatico,IVFPQ,87,3.8,3.8,3.8,3.8
MPNet,estatico,IVFPQ,88,3.6,3.6,3.6,3.6
MPNet,estatico,IVFPQ,89,2.8,3.2,2.8,2.8
MPNet,estatico,IVFPQ,90,2.7,2.7,2.7,2.7
MPNet,estatico,IVFPQ,91,3.1,3.1,3.1,3.1
MPNet,estatico,IVFPQ,92,3.7,3.7,3.7,3.7
MPNet,estatico,IVFPQ,93,2.7,2.7,2.7,2.7
MPNet,estatico,IVFPQ,94,3.3,3.3,3.3,3.3
MPNet,estatico,IVFPQ,95,3.2,3.2,3.2,3.2
MPNet,estatico,IVFPQ,96,3.6,3.6,3.6,3.6
MPNet,estatico,IVFPQ,97,4.4,4.4,4.4,4.4
MPNet,estatico,IVFPQ,98,2.7,2.7,2.7,2.7
MPNet,estatico,IVFPQ,99,3.6,3.6,3.6,3.6
